x,y,r
399.98181628293946,214.4445273375573,2.890456505672352
144.2687624976512,406.66062567866004,4.117944362667227
457.43077373082303,80.11477825940983,2.603346798199623
229.4409681354652,124.99833834320017,4.764084545729558
697.5898947776186,22.278191225216514,4.300805186431455
422.23342767772954,190.80299295955894,1.4180910895335757
472.4753929944692,228.41557552915282,3.4293074273729736
463.2924240366458,66.4890723561064,3.8391890697199527
687.6892743078336,484.6940802024594,3.066634102733545
30.98244300523463,2.027572079203732,0.6698626352456694
658.7015899770838,151.43028101453615,1.830728008302132
628.7373711774318,157.18190247822534,2.7449109200620274
305.22167033688555,32.497088063425274,2.9227311285096507
590.8475283633315,78.2094591937032,1.1214948434302074
289.0091454003885,18.462434529314507,2.483017493082741
572.5880051007423,328.94546937955454,2.6674186782638603
598.58801854152,74.84406748570078,2.8361773843156195
261.92237242366224,300.65227355681975,0.5645785094721811
542.8588907509795,48.30291659217634,0.8318187289662377
565.2148264173289,473.84696211174537,2.166157512757429
289.85658222381085,122.74093807037755,1.3735169598278851
432.07693968191643,89.23020536036263,0.5974125216538856
319.01440107672676,82.4689032898161,3.243624156081135
574.7389720530479,388.75569468769964,2.4006669511217376
243.29987935457189,217.3552744972172,0.02504287454674181
498.80124055274615,165.82861131774774,1.5971161888026697
55.94752269414877,224.02796300050804,2.9142448365029705
273.4108592900188,434.77277269870143,3.3667660837425646
168.98576926756343,262.6769244382951,4.552669088232987
364.076786024989,301.05243436947467,0.3138681190576048
342.57028156523506,230.7206313982172,2.005649400344512
294.30475070256546,292.4675246671979,2.6933352421157157
342.9270311536554,82.89822026610383,2.2067340872679377
678.0747389926597,207.58684660891635,0.17658914893915578
1.9812986776592267,267.70922565810645,0.25286470911048187
64.9203837395342,54.378206313484554,2.2703916517440987
694.8816460346277,242.52767540253566,2.293201419041922
305.5575701759831,250.5560924211278,2.235437346370121
508.3506403966627,448.9707678136594,3.4893517366888362
296.3174218674183,324.76455911868766,4.547702987618343
107.53913907519635,118.67122845002214,3.0955600005723376
480.9139619537056,321.3001113558897,2.9426428144916397
580.5962356917596,239.47147661783842,4.037944306298192
673.6490928187695,217.67834146028252,4.294227892404069
502.7696654388153,444.34074718149975,0.23117943097821725
639.1690513896544,383.41926777242975,4.811894636809949
686.9235513485941,142.74286539343512,3.350006583233402
98.89147171891564,297.5663818443937,4.597898378478357
134.3813247241034,174.9343431835776,0.3987283852500356
136.2594209516233,103.85133320940132,0.4800046490273102
699.7886264022642,443.7669774972037,2.3187998631288353
520.5917129366725,347.618396682058,2.6122730494467348
296.4407564203114,332.036661891061,2.7775993648360164
186.1228795220809,182.16277329596676,3.1363338151113913
438.9902241932101,104.79688057258035,3.048864953535169
612.450132275297,435.6687248204443,3.2613165378473976
49.12087128008267,211.75904496431102,0.4451114246207033
38.67485853733974,127.34904274427194,2.284368813938318
531.5796534384343,314.4207699203719,1.4124230096742858
486.54834334404023,253.25348041724837,2.5376480783535653
184.5354444026312,220.82284331135048,1.707629350907326
508.5824757363091,241.29826540496128,2.2338278909503066
333.90566565864805,239.95568634550807,3.4481935031640187
503.8933825262844,400.54848686633574,2.026284408229496
555.477902426992,482.3629729558636,4.9617470583224375
504.458921365195,32.74432419066914,4.236432639269124
585.5198801630861,8.158909498797605,1.6383286435699818
225.46805405399337,370.2210612466023,3.051531440540503
197.62543234242892,93.18278074580199,0.8426519597963666
66.81726045366077,395.28636938755153,4.678678738076946
153.91343682274473,372.45634598243697,4.755718611987509
134.20905767880842,285.9472259278596,2.196563404609071
682.4026492475512,434.79595554410275,0.08024056972857685
140.92909200147582,423.9920373560336,2.871205366804663
365.97352216278125,404.9067890795749,3.8202085260588374
668.3224445947966,163.3491213256295,0.2382701507819479
484.5979497192813,25.069024549986274,2.8258961202936783
601.8154468731619,198.51411999971108,3.0057941987498844
120.00111297443542,78.86785312524042,3.0302753593520193
605.13821573393,499.9189829985701,0.15569365482448083
644.6876293099564,255.55912705313327,1.746778342433537
278.19026565157,288.944728228851,1.738484429555272
101.85628195689792,432.78170170167095,3.53244719918103
426.89845797517154,361.2795153331575,4.930129520750371
122.56503066159719,412.08438360534416,4.111521535551039
240.34347734565767,279.38829553431026,2.2919755201130916
136.03538101853883,216.4487862629974,0.7627943546080485
652.5421843090011,93.7316888572789,3.16940725557983
399.0087538967808,487.3288270440459,3.9679904990253108
252.13360556499526,188.05811911916797,0.24949061145652207
36.286410062351294,155.4867213828372,4.74915371177043
34.679430767883446,88.37161995337361,3.18093056099708
252.32327047869455,92.78851487724054,4.736924240377197
29.938541926933404,299.02981506074804,2.143844629740015
241.736521807896,97.4654908912838,0.8140469405195694
283.9391579195297,376.172911239055,2.3411334656586935
544.1212932003724,439.33117031053854,0.8655311850220815
615.7562242697089,290.7017980001293,2.103188676876399
359.3490313681309,444.98339927513445,1.9598266470901198
66.00515825766131,479.86935382025854,0.5918930931034405
74.77912005675063,360.8467490926316,1.5541913629793562
202.9761312418465,324.7716346732792,4.457282055134716
241.90759274031987,453.6077287860697,3.098711687147404
425.48014798145687,266.2634376087142,0.06110175196595402
110.63751932008245,338.5336152703061,3.467044950608578
67.82647264900771,318.4955148474122,2.3715297914939097
403.8735466758343,199.5653494550912,1.0892315688475496
248.8268632354629,484.4066943324995,0.9425081544525038
603.6075524292896,265.6225525815191,0.37433189899491626
567.8548695287622,8.643607248163987,4.186046325808302
236.94839316407393,459.30951527575706,3.634971195734082
250.8977407747427,312.66549034464185,4.9336250792161165
119.76603502929814,102.78446647266237,1.4460078611677045
574.4636926135482,123.46510181650704,1.231921031561829
430.2922694498499,292.2877877784759,2.0936955464537252
385.7801953900525,15.547901858943725,0.027308729409638022
19.368709526948315,27.50055002305446,3.853618195931252
685.403929833344,62.3192403210468,1.9263563330251325
10.23983853639534,216.98987013953908,3.308348103718788
436.89408671277744,450.77788102549863,2.758457443472758
36.9391314083561,188.1634577295903,2.29552300480273
235.0703845174794,17.262043054534935,3.1373426116940903
342.17857991772235,354.6706688142205,1.8229215467707878
49.389367530719596,132.65678008343102,0.8803707395174176
322.51919961953485,76.80256395797875,0.3928813677157028
367.42932137796123,70.39377751538001,0.52263504032318
84.26931799526999,352.69747159746703,4.033276935467055
566.8326080028341,287.8963994222252,3.1760355805284854
527.5820878314294,213.82639510771477,2.5487959439283476
499.13188175514404,316.9430831693477,3.0440918378655724
452.4167205964836,267.78800418462816,1.0695927644756082
214.05953394082925,345.64960689072205,2.094544252414632
600.8997106466077,187.06097646131715,3.3467688303428664
80.89694853478765,149.76917007626452,4.255440215158978
122.88013274167419,312.95666151026376,0.13889332871143134
426.50052091333964,225.71126616130155,4.496995124985236
577.81914749978,386.60165734233993,1.6934657658139392
468.3308096865484,77.38427461363534,2.4488682892341016
272.5595445671534,234.82980468105424,1.3704603531132475
148.20375551465372,259.9255008751043,3.268102555009004
393.93726317810757,476.5153931626945,2.7822463355822062
104.47334143320148,320.8075946297105,1.5828844062463139
656.9770032328086,64.95011618442031,2.2882842292380916
471.61544065300967,484.7490434641667,2.6095045003448956
266.0884009819049,388.1460313489794,3.9348010749109696
639.5710765459664,360.7181498256371,0.6380118442033972
694.0110862766758,465.3410217392892,2.176334940696418
461.50827582395516,417.1462415387588,4.584419491215183
506.12339940262206,45.296732719700636,0.3391425668935605
256.39646623899955,227.9974647900073,1.556651822389703
524.6414936233317,381.8466090791878,1.9984804668787182
488.6277167370632,96.2646964223412,4.756961865188561
169.03495567711295,78.11282514917356,1.910763502798401
604.1342508862225,299.11798421083876,3.4305436473230326
572.7959227890257,192.9535373606453,4.79760066385234
691.1281768049644,267.58603650886107,3.746832689453405
597.6338470304258,295.8198656817236,0.6509717580468583
459.76352376654864,227.85123843229184,4.271240269717077
146.4797843730152,5.888374351567583,0.8941982561383832
119.56326184334192,192.1546035702047,1.0389841812809497
233.77351171792785,294.53446440048754,0.774750450981761
339.2094566800174,177.7834606979127,0.024549079148916686
471.93676162813443,250.75543261143702,3.8811035714540654
613.7971998146093,24.01911618753766,3.5705320642814704
321.50201886363266,437.1213235880919,0.5775381211613612
587.1445685075747,214.8023806171711,0.46348959657077027
323.50616390333016,438.56265318698485,0.3671775318600662
265.1107048385104,40.05221633078004,0.03528742195080814
578.6850974493187,275.37146307490394,2.853449303024326
629.4982396467747,42.49270044823839,4.72169939860356
527.1634830898022,425.44672070725954,4.076068782089007
275.6614061267654,11.595638259686346,4.987672621711081
443.0339298971027,355.8387402188174,3.4781946770701877
209.125100771549,328.4525057494797,2.2538028346964136
158.74927066740813,249.76848279112428,2.338764421773703
211.35199800886016,374.7194020120901,4.544473083621528
418.6358267947902,11.597825217198988,2.722222259923293
441.60370970833293,407.74666690817554,1.517148509015735
164.08020746808717,186.87301726343415,0.8030620415155637
545.5450391972078,13.553248873315216,2.8239518701888144
583.2522816961551,16.19957781727088,0.822335124762773
694.3590151751162,153.7752716417286,3.8394054470851673
19.889777285122424,233.48039878226857,0.21461432815076342
171.82122040484273,8.642171105912533,3.396849538733409
317.85166516810574,176.00141846445,2.102364585966854
476.154101263618,129.43935400699462,0.7729746869139681
29.31226937928996,326.9072275079992,3.322459120149302
167.4681609871667,257.6199573040515,4.8468895975384525
331.363630622516,383.0646250264695,1.7526286214677023
386.4520788080917,389.37092149523414,3.489636530314239
418.1584244522138,147.33359750174586,0.2822722907134634
337.5648004257839,361.371978058679,1.798532735032858
508.5673414622881,235.4844821880164,0.3492873965842791
406.65026183200615,274.5845793082016,1.608649577518832
139.37217670311006,492.7789037288367,2.9281725521998143
507.10841146746526,21.09780819331547,3.666499188965824
113.04894505198222,241.55467882887044,1.9685739323525469
272.23995531842763,395.35731807874146,1.0131253638715976
661.5343988101403,424.97546254645243,2.457061552177873
613.3703368716408,274.87330823563656,4.591658683741986
341.95262311449017,488.80626551332,3.7199291925692823
460.77003053776156,497.0694146328555,3.477484698829942
171.46202404358627,323.6510536614031,0.8485933933136613
283.3234848508448,351.66945517057314,0.9538368763788674
296.2775415936998,114.68503786214008,2.069053917752
161.8875958509973,351.5064375554149,4.173196716625277
336.86167065749424,356.1491114291432,3.7741697923121476
565.3984869931853,401.07063416680546,3.2866254393207988
517.0904087774675,364.688540564921,2.6146782450966444
557.2284223917635,94.60595279391771,3.599467441199142
446.84541730936365,270.35945655038006,3.0217212625765004
642.8091582601841,394.75027806514515,3.453236211626802
630.5374026134219,435.66579716667843,1.638079036593028
602.5231699896715,443.05558845119697,2.9117316730510208
647.7645370241504,87.73054108043105,4.010113867724124
169.8450108083427,199.83950057349298,2.5399439076654575
295.2272156054207,258.41152566398296,0.4634057822312482
41.29806068769539,362.1582950101854,1.351816775196431
194.28163247731138,350.13132669284,3.7832022564990053
374.4822878966494,408.8688088035481,1.7532588456016507
623.0291366335115,319.11684867933894,4.23363156281291
569.7338714426488,350.4761162084302,4.62077938072339
527.9568213133927,225.10516884429865,0.5920291660375909
282.3421386658353,306.8782114195064,0.11479389531473372
417.550194973033,203.9736332079763,2.3780013792749513
46.36252835557937,39.118175739829674,3.2422368845565157
188.4824502276216,77.16961815456791,4.333697292434058
40.00110037046657,351.5490171916599,4.115248453601018
627.576232917728,329.6300581696295,0.2681729955011547
306.3110822633901,437.25623388005977,2.0526420157324794
374.7478613061503,371.40014246788405,2.8851902738733752
252.40729305505442,296.0998346486859,2.322351102684742
232.9083178175043,34.90404741820685,1.3020291442147913
696.5645798744794,146.3646615019786,1.7418801301327176
686.7588578993348,51.38274633184237,1.2639036635587064
263.63984435288614,232.04467605018496,2.0247449042890775
192.1642421276863,75.19475716767793,2.77708152746712
118.28630337803078,1.8246339413336976,3.795704238222844
534.5449443842676,180.58660041589357,4.409509385646628
111.5021468657817,450.4869550045476,3.40705225762954
469.1663786031125,25.015894523246708,3.8087617451178786
118.34623736213958,267.841778452725,2.7511365022979586
42.33736323120372,147.6379124544509,4.597380886266543
531.2203336915272,153.92944909494344,4.885758543605872
50.43782099663608,326.28786925162797,4.017974971036295
593.3365005927087,323.4198207820781,3.6970401392991805
172.41833440893754,391.2905474802302,3.4031137540079714
401.79580551132426,133.44508988673448,3.360490511705745
34.74675261936277,251.1134238178464,3.2871807635099897
236.9537944136522,299.95815342903495,0.27953037522314483
234.16288968035934,245.4564321120144,4.141550137691942
375.6484481788725,464.9151079399615,1.8661826942790234
624.5267458828052,290.944109289267,2.351451029411357
127.78328711048937,413.2003330460254,3.976209768235916
271.23178173175586,160.63233345731604,1.3694306874870836
238.1103871707435,45.494381736195464,4.272910142586169
305.3712730423093,88.79553357301955,3.408009103097829
122.78208239651242,439.8415642296282,0.021913815375382284
387.2567214155755,320.26201174403695,1.7130601247324369
135.1908701122592,449.6541432179586,2.9596117779810838
486.6895704384485,83.03184179396045,0.04788351585987172
634.9364879165512,94.03988140710828,0.27452430109507375
544.127427304824,283.2409371968619,0.08574231936584131
390.28290887410583,254.4137842136917,4.615398068779534
413.14077730173824,75.30657387411833,3.1257509809889292
560.3157686034145,483.80244139428873,1.556117718985957
404.02055539464897,23.841840738581478,4.7747372898095115
100.00056969319179,326.4219636156851,4.279779605914409
335.7895478835359,488.90744106548,2.035831086629682
398.02591161993655,426.39170452531715,0.08149903381141022
604.2279686667852,422.9253962008802,0.8235337574865781
488.34503770496866,137.93774845332285,0.959504380510493
357.6208175627053,355.6592966767823,1.903123491904547
238.8448020672255,112.11597308383786,2.872153850260471
408.2223827043856,433.9268713097402,4.171912780535943
5.667867961022388,73.35015763745939,0.6588943006279768
190.38193502143668,371.11969320256276,2.4464127947758203
511.20327369757734,420.6355976049991,1.848402533629132
2.4144130829001798,106.60150713092614,3.0847680187492363
401.08775250896673,102.05534730661742,3.7718562911578446
20.276547275863344,77.38036986849417,2.5920344809303284
423.191438438125,458.65728143323815,1.920106079029068
568.9328632347734,236.1406835820019,1.5105111771969615
666.868401529932,247.87013893899368,3.5366995437168214
204.6587268309281,442.3217365696183,2.3831636195679535
32.794978111413855,33.64872216501175,1.7636050107734151
299.33633749916174,55.62201496137587,4.244597840311198
389.71728078351396,473.949413437461,3.2546146936803204
559.2832387738056,85.22131714375524,0.22027238437805685
159.7060015053877,209.59423812614835,0.25043137656219405
649.1953124537877,149.4380715149711,3.962386546168733
32.10749395049639,424.9027347899276,1.6663077818979581
360.3248076594026,304.73638659866845,3.0539481330368163
207.2894332597855,126.99700116946188,1.9406297063672906
389.3079994562405,0.27859757006554187,1.1356988383905098
48.99243983238699,416.5151996191807,3.5025849325685083
581.9393730737198,334.7822410838907,0.17608028088907324
229.1102253520352,440.97480424735994,2.332814608162281
225.3434637122826,79.02935648206989,4.564399551409667
65.71698277889307,180.436798265343,1.580355169342444
446.0898229017911,455.72613515908364,3.699463606151233
676.0812726650399,142.44010714165873,3.7298765312810116
499.00762106330774,26.581768440174123,2.8693384670102966
614.1432173876659,15.143637630668172,1.1368050185504774
374.941351360091,304.0102582384869,2.722622153479267
618.1974230477371,189.62339285145646,3.2921977607389223
381.3256378845808,410.6896887351282,1.9544343883083015
643.2524115858213,423.71319725223225,3.6155281218806805
641.0897359270487,331.4647791098655,1.4689930144066383
671.5078497935418,175.92222600383755,1.7338148860614493
438.9494178465391,250.18744130318677,4.9821581052242685
290.05953063799075,466.4376418892266,2.2533368745010347
157.7621606579181,267.8114821390024,3.3670379101140173
210.26962528782084,293.4729333400153,2.185097558816606
14.951416616769542,32.44870241863795,1.8993031520080024
490.47040676435205,79.15272209657398,4.812809306545288
254.1004282289474,53.899797320609956,0.9334560013744442
644.3856944290912,422.5800767520994,3.310429860898542
41.02927870341178,321.06251670928685,0.11496396410481169
164.38516521513353,33.76500144058503,3.354088344950432
573.4383139575494,130.66500094614963,4.979926907160936
379.63624500798477,424.760929508634,0.9835109699412209
557.4072557423218,315.3879637003025,0.39028997849725133
534.8448093265924,382.07025441680395,1.889845268657152
185.92614063156236,37.47569518574883,3.0136478361996932
209.35255587003599,116.82522386565914,2.24437925359982
89.95051859104308,329.84863140497214,1.6204004643952459
205.68872497127526,216.3246425018706,2.1716923313821193
304.49724772345826,126.95768156013514,3.7654253231205512
626.9927963508526,282.69460794223727,3.6080079443617974
567.242543139653,142.9323504283838,4.346202685262025
398.57114066237295,317.693023050296,2.7654522063125224
619.1767330695452,245.98113597827393,3.5486020928865365
181.51545625070588,79.942380612601,2.696066747615755
577.3620498893864,72.18071638678947,3.6262760767313558
191.73716869522497,55.72654701981444,4.0490056124200215
40.61250900221989,209.83241646997962,3.278623949743449
491.72374622687477,382.97391952461567,0.49731194652075483
91.70203951655513,153.0916245616021,4.214272470104846
626.8171667103824,211.095192707034,1.409051322859286
430.25431169397115,214.87267621609217,0.09910732334872441
425.66556075277896,464.1915677580401,3.330231489207787
507.2385903073768,35.622976842098694,3.0666083896300256
658.5847476566353,135.89381334500345,1.60303957530191
175.12832258953344,299.0081382318594,1.7230325436607397
594.1592673567226,338.1534545154548,2.7250086195510264
532.9454086986102,103.95500583417966,1.2536208140120297
296.50854691722486,196.93624852275897,2.1983879565279345
690.9964896017905,161.98951371116405,4.2427593678725835
583.576118638041,158.48205811325533,1.9649524257018613
15.84027803684942,347.51993773792725,2.4237324097997277
118.63014496738624,451.36009543086817,2.243268890470907
169.27052679458748,237.79309016610583,0.8522000192230267
168.49193268303475,322.80090715154097,3.280772639408815
73.67195248208915,368.03898456131503,3.859217172827771
376.256766538245,304.42273755153207,3.0524682559660654
543.0646040475331,356.3695474391872,3.9268713089907563
361.5888050731995,234.22722236047312,0.7058480273180584
470.0812095835337,320.9487724001177,3.8548330135870956
452.98837103600283,247.7172952162332,0.28902490335948716
454.64205922906865,337.64272246977407,0.6716475118129184
164.8828160331705,231.8064758178955,0.5856751950025507
695.9667076606314,36.802198054944114,3.4992136346723957
610.7049136848079,30.351780730900614,2.3954798592092192
308.85934125022055,488.45356179305276,4.8058402016387145
408.5234638085043,374.93712739737794,4.33553098785386
74.88074109251995,55.527850805049574,3.2019525235978845
634.9683821987206,355.0081240268099,4.56457303363971
115.3546852706565,137.45107992229055,0.9451455437034828
377.86109854405476,478.2217459220277,1.0010723595874853
312.2112555374017,233.63017507896723,2.732058232329331
209.7577248531864,223.21336629536592,0.0027497613586580094
2.0398615530132447,263.0912708314002,0.5241560921968086
426.9369839530014,205.4036941416444,2.1563825785101454
208.2215608136595,431.3775068955253,1.7200482316644794
605.3593633993245,33.034352123283426,3.164211484360389
129.4782546790412,462.46510326637593,0.22066713655980452
582.7199993875744,383.4259712418237,1.9917321398487937
44.93001557148505,353.60955172316267,3.6252044123686367
553.9557889961487,339.42943566363516,4.106407303758031
278.33563368217625,324.0352757614771,4.516547946172487
204.34551093358198,113.43609112533343,1.5164958030767743
12.50439691549664,420.7471308327908,0.8737602528161909
5.982254330838321,131.08107173936506,2.3499297392333163
631.7474780348485,175.49213372582213,4.325137094117027
651.3610935375883,494.00482357499044,2.9287612054061283
459.74769276212606,276.1730689764158,3.942834638175545
481.24413957198,51.81660278450917,2.050634154100677
597.4293309043184,210.62982675148078,3.9428233991426573
591.213970544312,386.2250151021847,3.6362628399251125
233.13902990309728,251.16392076368305,4.184589129110614
304.6213878631109,287.25343015723377,0.24847416592503058
306.21989208293786,249.97515444281294,0.7899198642737632
270.8575886496743,38.30324584008565,4.840904292254488
98.02264936063551,359.12684227285604,1.3352289553979046
686.5144730580938,430.46921344648257,2.6604954077387384
170.17273282887442,47.56039914444421,2.1326599227500824
234.57994631014157,106.81004219005618,4.627859222403393
431.37778269676653,58.688719273973845,2.322383876437499
228.76606460731483,396.1793115097354,2.8686649739995906
12.00614712446425,265.599812159538,2.4017028376637004
182.61421127347228,218.21341564867942,1.3033237363680588
92.7679641131809,148.47090827689001,4.9688298548342935
42.532358260598855,285.79604017127565,4.095953286818911
605.327249323054,230.42499104031012,3.5590477426801908
332.311385949748,283.8242176783636,0.7635395790498167
574.5074897527621,401.2890631896922,1.3368956437557995
425.7692574360218,101.75148958794634,3.9515039182960643
92.48664864534074,98.48921035438468,2.34474358442599
225.31705595412916,219.48905044494833,0.6110798703919074
493.31712503602915,80.29579266073594,0.4775104181582329
377.24359350883054,413.3920875306572,3.3043836373482143
510.52388619060474,130.13661313157232,1.8187310771228975
419.94094555506763,153.25290176962065,1.8346656909550956
540.5409747442195,42.27523835782476,3.2314623814105388
206.70076688958127,132.10778855051902,4.053357967424431
575.6811853607508,32.917093375706145,0.45781640389126355
251.533103309659,220.76418755237586,2.030006902685769
451.34747855065274,186.33919069064098,1.1517182295252186
683.0494164583858,497.9912193292866,4.073606163754386
591.3077865016943,489.96918790285366,3.9283982677690243
394.7910529981085,24.949177018602665,1.0302001952292827
414.61723921456206,246.057310738238,4.232411076065138
9.000015426425156,210.6365859886286,0.38769836541104774
196.71912155436567,188.3503348669382,3.6731953539871647
528.6666092194114,348.32809280113275,2.1799944411012473
365.31941974074994,373.20454803228307,3.4778274414293326
132.4837293341667,430.9960430204759,4.068345070339751
507.41302057810435,323.96127642436477,2.7136272740576044
127.64501991000601,38.085981912929725,0.44043045885945986
28.291796074926012,112.13348746527579,4.973248978066122
405.0881988426793,0.38991812632510614,4.18933915905673
38.59610804355871,205.99217458339913,2.8530701149576365
191.78536666526603,432.1686428102495,2.2942319854855104
429.88436793229096,447.1543189633707,1.6661248942509288
543.7662634552316,377.08219459472224,2.671353376289492
222.04722940007008,495.7825714607487,2.2520552743931974
297.9306308267866,308.1622624498591,1.1743643063504465
323.06156886540333,139.18461978659485,2.773125102833948
98.30701122617266,15.487219122110485,3.4809527677682905
170.7844550063907,6.597679021359715,0.760697043825051
556.3041294723689,463.0824368101602,4.795049527236995
280.16991224450805,226.3034178767661,2.9886413380732995
650.5642192342847,372.1310365515827,4.156845883815006
66.17045879685996,272.6431145647966,3.3480813044192184
172.00719468996718,191.92925592888272,0.37902618700872914
531.0572877403525,273.40225659554216,0.5987553374519883
529.0987349992855,474.24364719536123,2.3869750788473687
631.8867379437414,301.17866583252305,1.778859086071769
325.29197486932827,482.1253438089315,4.356235036806832
303.14925099707636,295.154835240323,1.6723443007192962
593.5802663626002,414.1969208899051,1.692678799817603
245.6005390920627,474.27172210205197,2.724612118031096
45.929425601228616,69.59648363544262,4.311927642548564
650.370144732082,66.39587845609284,4.207355152924995
54.334830624901485,163.64674297445407,2.1846777251662037
623.2194635642684,226.86835355535646,1.8996028791231319
362.6614346434392,31.4020716248265,2.4446366329366294
165.11542146819872,78.34278249873527,0.28822115202224163
625.2869465271286,117.61087708360613,3.374802980651271
279.97622576998265,198.12721338299144,4.13299768463805
176.67893922607024,226.00069383940408,2.2320396977094186
537.8770814401081,458.4124201852721,1.9531611230133727
31.56489852899158,34.995789827282294,3.2844156014003096
498.25070769218274,12.35722155675517,4.871632919907539
383.1139248467958,92.57403161922379,0.10116166151199535
268.00603240547287,83.45461556787615,4.579510481674394
101.62603723212285,346.5403740060626,2.204430237351682
648.0792528200287,241.4403633219359,3.242127920824732
692.3593795243287,183.91997171061675,2.636712114693805
320.6048452763898,369.154416171063,1.234460194790331
64.12670993070866,385.9105487888362,3.0483789815881934
328.59939793902805,222.84330494157717,4.298565249810841
215.67605765969844,135.78566769291956,4.21836825081057
216.4428719497095,413.7447635458312,0.27705618808821775
225.23997911533937,154.23329328772266,4.219764959463737
310.1516930554915,497.3308436718992,3.818526112583333
485.80139255873775,172.62229405817692,2.6921240637823916
392.8363418938997,227.5525851610991,0.5464419230846901
223.41094194271963,253.91749905434503,1.45533144943923
393.270139878424,139.9873523265971,4.150189759789869
134.83116879159104,353.6957572717984,3.73151754425441
669.0342906448908,393.32226030356765,2.5977744317250666
143.9534120876161,22.964795770414103,2.8532788450795894
587.0368239474058,321.3356875319197,2.8827954159803704
640.3947336487299,361.66683206146274,3.2796535962365176
616.0984688428257,308.048538645487,4.681521870153755
7.0539007328980885,379.11788124479096,1.3462861608081056
684.9635791357772,445.8245808612461,4.072331895001502
582.0109689658102,46.45421545936301,0.022605225774701698
277.4434683329992,12.196816645571873,4.856840970413564
58.72886158409795,166.03725605385407,1.380359324399949
374.5453171323973,408.49594599417674,0.3379196028337139
292.0789500907558,61.70466836039012,3.0242737581019985
375.4050018014839,65.78357814580454,3.468571215615789
119.31964638848491,78.84492936434984,3.8821653612361438
91.89377116842459,304.2681604255946,3.6184602168970956
75.36724615984946,432.64354140645156,1.5413244848206475
403.42531221449605,190.29130274902894,4.929031365788717
627.2753557970321,182.66008769908092,1.6107560598077109
639.1178325033076,439.25211045711376,4.10562693278279
639.5070830656797,495.1434771086129,1.2135557501798884
659.0836970022124,285.7353188083843,2.6000037981376427
251.63903605015173,401.96687543668594,3.4601283628744324
8.558584426517656,453.3573453785592,2.4938829876677615
168.20769286816315,303.0287520653749,2.1409423126669065
243.89536349698037,191.6573368356005,4.768231306675197
135.9158262175854,261.62996658989596,2.287327345584434
41.081999633753284,271.16582347283116,2.816808693657482
482.8311415404267,291.8055938884968,1.2518718565950109
73.2547633547341,395.4676818833346,4.263936238205195
204.09278737525827,190.2142034054692,3.8865914374952464
337.001717963445,382.1866016931071,4.5338551270519485
299.01165751188705,478.3674115208373,1.3610492190331676
121.2396984916024,121.12635904270869,0.6116679462234398
418.00083936899796,398.3364501179811,4.941889334357909
311.0267299435898,411.8376517518634,3.396461842821363
309.72775845101063,154.47815549291727,2.009518551862095
570.3157019274917,146.14891491524122,1.163827459659157
141.9789880133832,175.67886847239944,0.8090437581333582
186.4281946846654,7.675491979431737,3.953417444788889
223.66440391102327,165.41145609153963,1.3813795290613229
71.69514378131969,160.94001856806563,2.32527169193442
672.3169684731658,161.76668281718432,2.0733473834895424
279.30782773337233,232.4154081168906,3.0832778147938793
466.72078604370193,154.92348841071473,1.976309153789837
457.43131719079094,381.9779412538372,1.4462518805870173
18.44160248295317,491.30655659900833,2.9731760712828654
364.95666475222555,187.62042501443617,3.7826935051024444
268.43812520586044,488.2778014078068,1.805761519956281
659.031491573638,17.482246724937866,1.9138621425037554
315.85388165964446,249.86568164210203,0.8028991580654171
504.79593667001774,75.45963478039502,0.7115064782459329
630.7289632330835,219.0411099003774,4.376174278219119
249.5810208118215,446.732301681883,0.4283947332867788
643.0485339757055,484.57563204191587,3.2869287745990765
138.620604473891,481.113995733482,1.3462870058160465
401.5093586072261,235.44259031393733,4.777155674241855
441.2851185982202,403.6876778127599,2.0513443071723128
185.24922725637782,167.21748629070072,2.881407937674771
534.5766282509967,376.48156770158727,4.359645959160886
403.0122913519282,276.74238727088715,2.1336698495645128
206.22004505791685,373.0567380460936,0.3988381235598931
452.63231500449916,86.24423101785533,0.24930001953167025
356.3975595463579,365.7000997689318,2.5463684100910884
632.2226755997607,412.9977480253704,3.580251956770831
502.0763639345736,413.6671867311166,1.7914896195170686
550.1903601973544,13.438952687607253,4.975890460352486
121.90021384647146,202.89090006603422,1.819868763025262
205.92851298089653,45.49650385153336,4.695524715235254
657.5541960294637,463.6797630731869,3.055771676488081
118.14510604006973,316.8277750405987,4.512804961972716
232.38904946526426,41.33231349229255,3.460322780971296
548.8332525031688,210.82718955906847,2.846490500442935
484.55878790189183,261.57928614439254,4.419313284958085
182.82350063285577,93.01099882087904,3.6356227072584195
625.6037844292106,480.16875216365816,0.6941044977105248
260.5485948123772,115.1870772279971,2.73921828145959
194.177898197477,348.86444301115114,2.3838434031419937
529.8238637617651,317.69203623030586,4.65325829286401
240.71217340539587,359.5778670030958,2.855617638070332
344.0432049722674,137.39855593973195,1.922708089746394
565.7289698018336,337.5976713374462,3.3354963297146583
459.7268830197867,200.7702065878792,3.931500523414403
515.5078764357536,435.4763974885001,3.916147308124398
409.05983939884413,373.1214105881008,0.3793779605460812
664.9342200169602,191.78186482869404,0.8442528811106642
35.70632662411399,336.8553728629584,1.0173627110511618
517.529001049664,164.00086460558094,1.9888636426301876
253.38190203307332,384.30574013524995,4.992119221465475
640.8359973012736,37.18803745540805,0.5937550499306588
406.8926748135676,413.7334549674453,4.112258039172248
458.05806580878254,426.23632316862324,2.9710711726485046
355.15211504334263,9.893965624466261,4.128602662933058
129.82697384829538,167.4369403129337,2.8993404184156573
204.2848638445457,475.41874256520316,4.939073445477996
73.77078922155123,411.2268543419503,1.809605959745847
250.37989982759075,182.53176434754116,4.411528216947887
183.4734098817609,450.56265879321455,3.561193329842389
151.23671471751888,7.149798549262898,3.2359339929069724
413.0536361800708,86.43167185909972,0.5227325977226865
667.6615574211755,224.01104484367534,3.845926017471063
13.704604257193353,134.640491373672,2.1593736683657845
251.31441631034207,307.56285295048576,4.70249900807411
361.5970264257272,461.75308475453227,2.7423789238756475
549.1113049967641,106.29686330549714,2.080119690949402
388.2992382163196,36.77113604498883,3.9389151678292524
143.74156091932855,481.19835976556465,0.760764310607211
392.13251014479926,470.0863476576311,2.9064488889874056
326.0093377786835,406.29311569246727,2.3400848050639085
384.67348235654106,408.92616262894603,0.7007621976455797
155.72456319039742,9.533463357331517,3.179596055136142
579.2573743896645,306.4079448759739,2.609289488233617
502.0803097645193,0.28456635247808837,0.34956741296342075
178.7991294469754,121.95526001107766,0.5840637296816364
698.9349470320058,331.9661179034528,3.542487973648857
538.5464518263731,9.453000993755289,0.5433470700653459
33.956060518995955,466.72243119962565,4.204114389102454
533.2232894041819,261.74696876961406,4.798873763104582
476.9274322661933,25.745183497876134,2.5213602683209535
273.9380771291926,110.87329791493578,4.911171827217669
323.1261608345391,384.96392391155007,0.45879118660854257
182.18729444979203,18.40669670321099,3.5117302108898354
548.0504673968746,182.81582162359183,4.444372227495502
340.7382355916432,305.71819454048057,0.974840617285071
54.55167430971093,438.22722660324683,4.722424554286223
102.61840306941076,76.94923246424123,2.0403193902885515
531.7746881298008,246.0199635812747,4.7322986997454395
457.3607771909891,233.07400717499388,0.12553651507094865
529.3466318425171,267.7121103865507,4.63261007262672
128.5419758400709,113.79478373507251,3.0299380515797134
324.7264116108471,381.30490956991093,0.9884885422346329
252.49393270956176,364.2781422531906,4.311226731810604
374.0758550044006,344.2881470834365,0.6500738197536099
346.1326333536883,12.646509015008355,1.0782946216152078
565.8879079145984,208.89690015113567,0.8410493319360274
294.6344461926791,200.848769692464,4.141168268361028
138.29945302135545,233.6698034053623,4.579161221249473
351.368897199029,254.47947088549506,2.3029117613579904
122.11397529999861,51.440354149915215,3.6249407938223888
141.24205530434,466.08547185404484,4.5513452920844575
375.7602420756873,134.15125284244888,4.035758864591001
658.3270197165349,462.95784854500624,2.6180290541778932
431.60824705270096,176.31928064976742,0.5659579775255036
110.99455435735635,25.484457231503164,3.015299037699698
97.38383526439362,417.39909402436103,2.544847326928479
157.92350746581906,196.21689567921214,2.0807742502970044
429.5279208933926,346.71788038199367,0.6953860759118324
344.6306835976834,337.84254033118617,4.586870595598606
569.2355128611315,1.7446643027652642,3.0210591936616265
83.85786807749805,279.1948155416818,4.844203209011585
157.67848204249364,189.8751426083739,1.4590253501232364
295.57994613549755,59.0844782176026,1.5646415934928886
163.78524085071035,39.74457162259326,0.30480573709029346
188.70446572068113,357.52323581636733,0.04774771848488568
582.5280188945891,220.56743672221458,3.929863094894675
141.37003607262218,360.9481796672872,0.050722437522423
129.9150097492473,466.5630938850773,2.5260561235837358
378.7745201025709,137.29788656970825,0.3341646207912097
40.24972243495119,4.289195348768815,3.6534005917173316
348.73813639860333,189.66214852212022,1.3786231567298257
695.6634654496613,33.37634757914587,1.0405723047447961
274.14203829962435,337.3638895199301,3.5570463877389398
680.1434214991913,285.8532185059965,1.7676425922472183
483.03762720002925,191.23557744733967,2.2225777129720345
550.2863980523879,425.39446880891,3.0300411099636486
87.93819231032872,320.4872444952128,4.002618421108978
565.1039404889636,219.1651140845519,2.6044262424587488
260.069641852066,0.2279483366066648,2.397350096418065
288.45074981431264,127.8564018548819,3.509652903009397
149.71058063497085,324.9268233471509,0.25190971212387947
370.7021489800126,151.96156339563456,4.778960899156639
239.60597513659522,229.99166653219376,0.622825079805866
609.5229511506559,194.78614650776328,3.0107869584945335
546.8444761551311,199.1057551105178,0.05661476894258721
589.9368144479981,103.2603878954026,4.939140410612411
119.45660191346661,51.62230401124596,3.1825900210441906
51.95682550022236,249.4750816865364,4.345989613407208
689.2872298502944,100.03187854573021,4.391823228236726
670.0033082196464,228.13388875131952,2.2015530467403535
124.06392304219077,138.84575243774643,3.0362341382563245
283.3025074681271,477.28850786203157,1.9460472827193842
114.40901793272116,141.72347380688888,4.85137926996685
73.58512416664172,121.23486586072596,3.3053707036915068
572.5059227670536,117.97223674617635,0.7813449605741762
309.0963544388127,163.2726452915188,2.038282071002327
215.255508186821,287.9470604255303,2.2499255688953728
97.73856113250763,181.4337787733299,2.8663632282465077
310.01554697513154,244.1961044111946,3.3043838283998235
655.3820012717251,367.6950128001693,1.4563957915758379
424.6033625243013,310.69965977785483,0.7374152269640399
514.9900026273278,444.97113120206063,4.392367844785285
520.0066083912933,346.60441037665674,2.9911739381786133
114.9497598076809,329.71279227628554,0.19613602746589465
96.61269104251072,36.88497507095312,1.5209461296287734
137.89121087021155,413.87201828476407,2.788386692931288
165.99719436525922,202.12444516066725,4.184146250456155
614.1774583186678,380.7498505728552,2.2332016993837946
231.51532210674873,454.3857173730253,4.759632574350938
524.5635040553387,228.7810412411847,3.6037526408550846
239.35459620573633,88.60372632141733,0.9155663704396272
316.81437364857607,493.64590029315843,2.8356224892614734
559.0124756831831,419.5151578168949,4.915478195997269
655.556410209863,75.796661037819,1.5362054081516758
94.38031598261173,309.76935454785917,4.630544129950824
300.036367721642,497.0349240559099,1.36850023588792
469.55972357382814,193.28455763013753,2.6499488529963786
628.5374124144288,381.73063987671145,0.3492674491898101
545.7793057999539,454.0337556468298,3.6936427001286942
511.75530366122655,464.6598296881191,3.0256060234378697
601.7212131860416,52.528776933991104,0.4790113451336031
134.7439986993372,90.83048494634049,4.32658287598091
570.9510236400383,33.31309301740004,4.6910225292765055
498.94322870225176,162.7274594463665,4.22938263362774
392.3031618793084,111.43157721083735,1.7004913240140644
353.4649280162324,169.93119656554717,3.8563161912462856
443.7058025332274,137.36326821451573,4.975802526130605
191.87991888199485,183.40204659157365,2.508555382307457
589.1851225212965,389.35982847650695,3.5062581701150233
374.9970714773405,178.9109200473208,1.1740845022043715
210.35504323954487,273.9428250571391,0.1997460175762289
535.5923257543069,403.9685938108054,1.315283284465093
319.6553524435671,481.8055614402008,0.8745581464398422
283.25305904674883,181.41564231993257,2.9010562868566927
670.9566419520596,114.32326395192288,2.5146600650755007
646.6319703080304,309.6349087529991,1.8944327908174863
107.26676144410915,114.94385175786542,3.220323461710768
489.05118867986874,285.4880087815039,3.8081270182590385
16.081996133032117,358.6079573098122,4.598799451340778
405.5003697150671,212.0296993778006,0.05741823739125573
154.7441068276653,165.68853490873641,0.8031492989634903
617.7810526353305,470.40539467871434,0.9731229043006612
607.991739431084,25.037717553898386,3.8190607734856306
579.615010246063,205.72907980842942,3.8573553044181126
227.87751678790192,231.07716194874018,1.8316995020952835
613.7612215747904,326.52142749061875,4.110140269675036
698.4436361286341,194.7034550101428,2.9848515425823408
484.99865243358545,371.7650091120385,0.9350541191223788
78.17516246369593,257.99150720562756,2.419295566562318
478.1485474045783,115.32059359095676,3.77863669476892
281.01977907551475,10.43185630754867,2.6537840510545103
216.53154301411018,41.23927370279584,3.5098169195713314
648.5937033293466,78.68922808802809,2.3937112667678355
42.74987980808671,234.55871513724824,0.21011296479298391
339.7877566093549,97.3781161196231,1.3982734426486205
135.25074488723558,446.83020056926756,2.5395981169308737
335.7084792006772,249.42315453659754,4.485197567211602
155.59334796859747,101.30263718333326,0.9320058890228855
585.1757065606431,284.6033330231842,0.8284547329780417
29.08360437385952,37.50082819546541,3.3864503128391736
587.4070245509371,137.58806172593495,1.3161252865362139
518.3339206096459,271.173454247457,3.9252911764567244
233.2466852599227,400.02290124116803,1.0072306603478394
358.3057181582882,456.91796967431435,2.875904870772619
276.74359703252753,247.36352816789804,4.672765756568563
166.49370545855828,496.63774794845966,3.2672698797914586
94.81542764069638,121.57825146469293,1.3525919889506262
103.6490165929636,39.145736128887386,0.5421521661615669
279.5407176921374,174.96541896518636,2.057219359317879
44.00571512351284,370.3806533218736,2.339349238947664
8.891174642749956,209.85455962110018,2.8802642881115696
117.1285799034829,467.8598624844869,0.2217345055183051
171.66896707554656,114.756846454105,2.5396716074501855
15.44676937090933,57.688234277767094,1.03926407179468
144.67789478787176,286.3360805870155,4.50920027953763
155.02444749800745,256.0023147194981,3.894376331097299
480.484467581018,220.6990348409352,1.3332941308394424
185.42861602577722,457.694498319153,2.7351119965527038
149.6144391964364,364.7616867099576,1.7103728302060488
55.42395267435197,74.05141507130215,2.6930743817664715
124.2004733578636,413.35561036709015,1.7637230137803794
287.1485213762688,102.00847333885149,4.9870795464511355
211.21229826006555,339.1670139916321,4.320222888982448
339.4961877156148,221.78553059038535,0.4216083397099607
328.27209749109295,381.7767730787214,0.7008770123980906
143.61376226992522,459.20941295994356,3.751434502299973
164.41634280455378,275.73366001325604,4.011670557174624
690.9921259028365,309.6676519021019,4.409126569008696
529.0628885506053,330.6525608811598,3.151209854735604
441.1390148416431,129.24576838894603,1.7985048436089357
91.04404969476018,232.85124432679027,4.832032318615521
232.70613359793813,343.0743734040132,0.5352992724511929
450.0683813064519,132.52817179190774,2.129695699291809
486.8627973168982,266.15446269754375,1.2057972935808952
121.45832340373128,173.37107773746467,0.6392168412952681
412.3380533882743,63.17779206131752,4.336742987580644
51.780881123928154,20.20921056982322,4.720403196786943
412.56520179672714,448.3123663667568,4.623814909266583
254.3748705810296,161.71084605962915,1.5701312326162742
503.16749390561137,10.802730229209024,1.2753215925384582
299.0448087080675,419.4704189820669,2.437182215622929
135.56510585726474,299.0966910875063,3.427756087561316
25.427485495954382,479.3927009693367,3.884501726275615
635.5911621347009,53.30058586991565,2.7801445365325357
285.62812303150747,283.1007747753091,1.6911198541235355
444.99889792984607,322.00382791767373,0.023109098326044575
446.5771951637174,459.56385892573627,4.699493522155526
301.685477038124,424.69515315323,1.8420138981527268
467.844502811929,334.02061399901896,4.029105595018252
625.4350120934791,493.5656670197851,0.6015541114775153
555.2149151039004,419.03842953159784,3.8362397268652675
333.25439188284645,15.959786662270103,2.326696646734467
331.17664749948017,248.7115206535377,2.9358208359144546
198.69390685453536,22.12578713348573,0.7696012978566846
694.247598609255,269.409522728336,4.503156303008896
473.84194386935724,145.88511000869363,0.04658128354263713
681.521677696076,479.96290756876255,2.0998810268253103
419.87282452291777,335.8901728237927,3.5327817749496484
386.7151713905376,423.7200652372522,0.14660342630609446
145.14793209061256,244.48816747999768,0.7543621596562794
310.3786129459719,152.03630528320562,1.49435970546558
366.5708351299415,424.80308666741354,1.4895828376299358
294.54150020380786,134.60231656277028,0.9258284076785356
536.8885534193297,453.916506496919,1.292690618959833
215.72416767490756,50.70439892919409,2.771889567996961
505.3661697971648,115.89150757834621,2.6751934152948778
34.75441071423489,159.345774618986,0.2303075326058951
679.2631140752899,425.2388646688551,3.7499219965780286
471.495328334959,133.8089390403444,0.8173567627762196
447.85353961113594,178.70915015445948,3.820011911175001
426.5921022396953,148.94980542660053,1.403832132033846
98.53456137556708,464.252435414108,3.6167278948784483
93.16183647098833,181.56145567017944,2.5497234974475735
645.1553159461388,19.792364008701547,4.15810042771534
526.3203818169686,414.96190869703844,3.4399281212625037
382.06664002463,66.6048955693842,0.27835715804810424
429.73171928496737,150.1698734867199,3.3051435207242443
148.06748098912402,218.40738915583213,2.1838046267616207
60.627621694008646,132.84710534149724,1.2764566878636985
531.8612667392962,380.31227124823107,2.744587156119285
696.9317112979465,421.2978472943304,2.0807737294773725
188.17161541290693,92.55528257618462,3.157994259410774
96.534829378079,207.83178401059564,1.1643715424903371
265.0809611334337,313.5797467239264,2.066951078414494
474.87159411376064,105.13580378711507,1.8316390556970774
323.82571417097887,373.8441008118336,2.4718012667839293
340.1817961067835,281.0224824827613,3.6667019255921636
156.2145961225362,95.59059114357832,2.1533129263355915
453.29060202631877,128.94101805996632,1.4432386266519959
694.5496754297135,399.81963745780257,2.9726817201570195
117.55671504882848,350.29327682551553,1.0460693924451685
242.93935916279398,417.879043532126,0.6184600704795851
587.1614079781905,400.6745274837186,3.1539065074572328
626.5006176418822,217.0191668974885,4.48286192458626
469.1527669757614,427.55706686530704,2.652640815533493
241.3268154105865,471.779725626066,0.8431479021466437
137.8267411914256,70.10311268942986,3.208152620683914
401.53726651643433,433.6074180739798,4.876383935622913
85.97014589402353,346.5788286512389,2.7643441488046823
204.98762450874344,234.10470614029182,2.8324097632501894
353.0768963803962,254.95272470771192,1.2822753670772862
417.20701495172403,155.56710462306012,0.4923442841680925
180.43771019352184,195.06619849813606,0.28612173358449733
405.54848352066733,308.4160891277296,0.3178451734308574
99.85817092024385,372.2635745951048,1.7319247137570626
459.2218181803365,437.9196389142132,1.7135067234889751
126.72082548971069,495.3721020284539,1.6886789844928858
35.36948768297936,75.17051157621468,4.358746462240076
181.0784477370684,144.76183848772322,2.9698105882385004
162.00475934767792,160.74847035957418,3.1475739094898647
55.011345878822524,101.93536385780638,3.008540812734291
25.336363022871645,171.3134620046141,2.379366874430694
317.8102319840232,218.82269683215955,3.038844345197633
467.99098476553127,349.92366235926585,4.4678265759059235
132.17514843570996,489.8841854335205,3.6031695527571586
592.7033720154764,76.0273783838043,1.170810476692648
131.6944277131024,209.51276562803588,4.108016885387779
482.5342010443724,236.26718152610314,0.9004192923796611
464.48797917341733,41.824120098816806,1.8097451826224442
65.24367037968271,499.5520222016706,0.6517206006493859
397.6697637239448,249.92131468024266,4.374076241351842
545.8223228632147,311.965244578832,0.25868868651687693
116.48801002019819,396.9658758585494,0.46710057035202146
234.47850163260878,179.73239494109788,1.9399523753898928
317.3448620384602,316.8815644186965,0.10475483515815842
28.72807590415607,280.29817911517705,4.023613732108014
400.2685080863602,164.52612882235334,2.0625509012061065
338.82364682711074,6.2339048716482655,0.5938478296568556
245.4124249136934,71.26997398415547,2.607169268202783
280.05154644011935,461.22800390391916,3.790345367138096
438.05652431067756,498.9779404100692,2.541501866422205
335.7053705357631,408.00901786728963,0.2830606093857635
213.91472540383558,130.06988249157942,1.6467665539149308
91.77291189424726,410.82687794559314,2.0922247567124996
206.39891322628372,288.4980166120995,3.9681476834528224
522.603468267365,256.78664582581956,4.302840080965693
681.6474586780487,341.26711032123535,1.9969922914287797
35.277370499933866,369.28924875438895,3.7710553025703804
538.7397430149753,408.4455407040345,2.317971750834679
454.25248925181705,338.942784485746,0.9872156051223474
506.03777396145944,45.245225648447686,4.729943229165762
448.98319648041684,494.4996635576951,0.6430399650029411
604.5240883543852,46.38982898629973,3.060442678799204
523.5228223464867,231.10029881324934,4.432397112484758
115.81001295458712,269.78402155850546,2.388709830970349
187.74687532080017,87.72047443889147,4.0404800007238695
525.1053166160843,295.7797873178728,1.9307053627429065
101.14460229424095,312.34350784291587,0.31901923524792264
499.81092252472257,214.9582942973376,2.67932705888799
81.53058014209694,205.38159094132857,0.4379853818374069
227.4632930751408,66.64362859278671,3.3381143043285437
168.73875764227824,446.68541578666833,0.8274682660145632
23.379890068326294,216.51158393495794,3.900496229951564
497.3399410991838,269.30640650449675,0.0681255469698594
124.49609837036589,187.06182468100317,0.4687049544878974
357.79138341708057,317.6617427447071,2.7032441959308247
657.3482406669926,52.65702727671845,0.24630593334314776
396.868027071416,159.05033463226226,0.669029400145531
416.2872907836977,164.01530102217492,3.7371127970712
354.03817554737634,295.2525478740949,2.6068210274720682
416.3522464665018,12.97672825246715,3.9037977485044246
347.6072295737919,192.03302342785878,1.5449342497942364
118.05388356999332,415.76143040271467,2.805113017974648
128.78455047099828,475.87100500962146,0.06994801901437198
479.24097846932347,168.65971646227794,1.667774029432706
198.56553956981978,427.1845610773569,2.5129514661726127
131.25555428419133,328.41998832803273,0.2880919280517952
87.42403840023458,445.01048773529874,3.9002280486596947
641.6958782520998,442.8515351153624,0.6453834214823945
682.9403208529584,66.65971022775047,0.9606811193855097
105.8395050364608,425.21451567986446,1.7616447170023637
61.682469349814575,369.6666229029563,4.46797909283412
313.6325327281164,446.89049546076535,0.8405653211049907
75.97172461919449,136.43765904970417,3.8002120459682787
414.1275587031029,289.07321811621404,2.7290523256663928
523.6580919618137,83.21961123186739,4.412443591479486
678.7302428547891,153.17422491317578,4.985333781091345
279.80604204724307,359.25302048913346,0.6112727902326798
266.53393185912506,254.77330996813856,4.215428659510755
572.3660933158081,391.0485401083439,3.4712317224162925
25.09762123705587,373.2115529770218,1.124493818202098
680.6719836739907,447.97786151066424,2.2431413987990503
438.6145019169688,428.0813581267186,1.391951713487305
430.70967124620574,230.2968130313815,2.9347859130275546
688.1485240117643,131.43767423677554,1.681864718717233
255.27006845853433,346.9628313111599,3.4834762386560953
64.37802416969419,69.09896644149133,0.9307292510946474
141.6230027767277,325.00361360656706,4.259096506350823
693.0891780077449,158.64954829192789,3.833724869897575
8.12017809997968,154.3577839233002,3.7188740544649725
508.122923994294,481.7936634439255,4.826401480615022
550.1103892929641,425.5040659723494,1.2102654231244947
437.9629390760809,477.4802919261383,3.7080377053579285
677.4395053829006,110.75554002530241,2.4813541995143735
302.31872676276265,201.31218038401423,3.6180926846140142
223.97849433660934,104.8298638569778,4.6872772673109075
112.07665435320348,123.80451294447381,0.5188369325820319
326.7293653504837,385.498365707326,1.2588942518718667
158.83277393500373,326.4520200363378,4.631039951693265
318.80746023401986,95.53486779761344,3.7930190306941154
378.3416512767585,152.04537669557917,4.314097130940978
139.87016524680197,231.10994845607706,3.379964929473931
443.46014549572607,181.29554060445597,2.0863776388536563
540.0980160195459,421.9959654413097,3.542764284986238
478.84205870235513,0.8401521087926245,1.4634424543719615
446.82983856031274,321.54568107194393,3.8685383621299585
210.7530309516165,82.89107733685685,3.566201989579902
461.0208648436962,343.10097797864535,4.434190930267231
511.73497003755375,205.17741940880634,4.768925047834725
664.345394645744,228.86320790608545,4.791072793382919
663.3092941892304,174.51545319495054,4.146202747940974
482.73799701339834,132.78846910669867,3.40314022307535
47.482830601559336,357.7222925397436,2.367069760021836
120.12832988753715,70.32115851822046,3.86359941197018
627.9413816413435,45.67861125255046,1.780983237721251
353.9665383771367,150.82155222049133,2.6837678900405497
255.6640229678326,458.05213432161213,3.0133737529255638
420.95393395336464,482.34069433175955,2.928186913479029
256.74767661091033,335.9129252327549,1.5867603243836925
257.0024740327313,241.51017472930326,3.1902179483899835
506.07759516495895,258.73213460963876,2.359877128532692
198.95473990315853,237.56010396022987,1.263787265333605
205.54180719949844,492.6123813082643,3.8656993684916143
84.79459690702794,324.6217952354358,1.4342187524567007
338.9564422592599,4.065601287100041,2.839669072919178
238.93376278913968,139.69972868611762,4.243790086777163
550.599285660542,327.8356462193829,3.6032896239306793
215.90949710705613,134.12244272198777,0.8103548118910492
382.0956747682316,292.88489525967606,1.859067835879849
374.12930652005093,439.798330340246,2.308862919036714
421.0428095465056,124.32448058598344,4.853081549051548
604.7340928651838,488.30706605905533,4.312239676942935
538.6820139931987,208.78282173702166,1.584444718684358
492.4355622755544,159.01552481310426,0.428942655221245
136.61620960766638,356.0504420253335,3.5922765446408613
500.79323709594746,207.00422085549775,0.4580603776444203
199.66455037192748,16.34988414740668,2.182947852045183
410.1529726546398,380.22358140079535,1.1295473421466022
605.532880419683,385.6727294783578,2.893419795066139
322.9275800449711,375.85954593521274,1.554709037068972
419.51374155759055,295.8174517053974,2.8830461842145545
325.0996423745372,236.60533020172585,1.306021779048439
155.21687070952876,277.077709920836,1.2399247882808906
591.6083485043491,284.6617874840282,2.2653712482863324
179.6773302329719,8.267633651163564,1.431717361911517
586.4632118343384,273.69497993180204,4.581188221647119
568.026828595781,236.27005874639644,4.733096128572853
679.150503196144,50.46422030001968,1.5628952389921336
97.88276324121571,169.0335365749268,3.4577869310758187
263.10526225266227,89.2779942507232,0.2348201477413181
513.8625014656379,433.010539068535,1.7646622621770698
422.36677876443736,155.48353126879545,0.24534346064463863
504.2630433195588,424.0321424849891,3.138188022136021
620.4455949934917,239.05710061620667,4.598786777530915
489.9159569052406,445.67666934634804,3.908118885915459
673.3557305665054,16.63754301491188,4.426492469952405
215.12486797910006,170.4647841252911,4.134364386802093
45.50712829189108,225.2727844419783,1.9438182574883585
415.7307627380396,265.1417037007759,4.485036820499022
423.0373801792719,482.13223589546993,2.7416653375495703
386.6540825363795,133.7232135057471,2.9492859882066593
131.9590952418265,123.7731915054584,0.04627305779794866
108.16415589211992,429.35829849030694,3.7953467627325415
640.453417387124,370.3115225990233,3.0545381781363474
289.0092948793428,458.5099569290981,2.3731240260747484
257.6109104214274,173.08243553166434,1.0914691224049893
380.68481955078175,315.36974592169975,4.633788644350443
513.1287815677271,61.04293870243599,0.4811491233314913
72.15444018065025,279.0440270138886,2.6244561869854763
218.8898171990658,67.58941717691869,3.979065959242813
